name,red,green,blue
[HammerA] HammerTime !,101,218,152
[SIBERIA],70,69,248
[Speer],241,142,245
// Down to Earth //,56,233,93
#EscapeRoomSimulator  Alpha Access,116,251,118
#hasicontent,228,51,55
10 in 1 gameaweek bundle!,229,56,68
1000 Heads Among the Trees,76,145,215
10S,26,105,125
12 Labors,3,14,173
12 orbits,93,32,159
1977: Radio Aut,177,126,254
2000:1: A Space Felony,161,236,136
2064: Read Only Memories,249,147,242
20XX,146,89,209
2d flight simulator,50,2,33
"3 out of 10, EP 1: ""Welcome To Shovelworks""",173,42,115
36 Days A Week,230,85,114
4LEGGEDHEROINE,26,215,249
8 Bit Space,76,83,59
9 Till Void,234,108,108
a completely normal dating simulation that is definitely completely sweet innocent and normal,46,58,229
A Day in the Woods,103,72,237
A e r o c r a f t,8,13,37
A Game of Changes,23,232,173
A Hole New World,119,224,5
A Kishoutenketsu in the countryside,202,113,43
A Light Long Gone,76,93,216
A Lullaby of Colors (now available for Oculus Quest too),145,53,115
A Magical Tale: Cavern Crawler,242,67,72
a milky way,167,244,225
A Mortician's Tale,195,127,35
a new life.,109,85,155
A NIGHTMARE'S TRIP,64,73,71
A Normal Lost Phone,141,26,161
A Short Hike,81,113,92
A Snake's Tale,175,161,130
A Wish Upon A Star,219,31,91
Abomination Tower,131,127,33
Above: The Fallen,207,78,18
Absolute Drift,216,78,174
ABZU,207,141,76
ACIDTRIP,157,129,110
adjacency,237,243,134
ADLENGINE  Roleplay / Text Adventure Engine,139,171,246
Adventures of a Radish(Full),165,175,40
AER Memories of Old,130,19,193
Aerannis,104,15,111
Affinity,149,17,155
Age of Empires II (2013),166,150,52
Age of Empires II (2013): The Forgotten,85,14,28
Age of Empires® III (2007),88,215,211
AIdol,27,51,1
Airships: Conquer the Skies,40,150,127
Akurra (Chapter 1),213,57,113
Akuto: Showdown,240,28,250
Alfal's Grove,58,7,94
Alien Life Lab (Early Access),90,17,248
All Haze Eve,96,67,23
All You Can Eat,79,114,19
ALLSTARS DUNGEONS AND DIAMONDS,185,102,214
Ambidangerous,240,178,232
American Election,214,90,228
An Airport Game,215,145,240
An American Werewolf in LA (EN),238,151,18
Anarcute,59,20,128
And All Would Cry Beware!,252,156,13
And Yet It Moves,68,5,50
Animal Crossing: New Horizons,81,104,130
Animal Lover,168,221,139
Annwn: the Otherworld,104,99,157
Anodyne,4,160,127
Anomalies,115,190,245
Another Lost Phone: Laura's Story,64,81,171
Antigas Constelações (sobre a Vila Itororó),149,128,245
Antistatic,129,7,172
Arcade Spirits,150,165,65
Arena of Valor,133,91,73
ARGHPG,235,175,106
Arigatou Ningensan!,209,243,161
ARK: Survival Evolved,47,121,43
Arlo The Rabbit,43,240,33
ART SQOOL,46,2,166
as long as we're together: magical girls sweet & pure,214,157,83
As We Know It,255,93,169
Ashes of the Singularity: Escalation,101,170,147
Assetto Corsa,246,176,23
Astæria,254,14,142
Asteroid Farmer,161,51,35
Asteroid Quest! (Classic),4,66,15
Astral Defense,58,155,22
Astrologaster,247,183,89
Atchafalaya Arcade,143,84,8
Atomic Heist,75,127,163
Atomic Reconstruction,39,1,29
Attrition: Tactical Fronts,54,244,108
Autumn,213,188,164
Avadon 2: The Corruption,101,226,50
Avadon 3: The Warborn,255,19,182
Avadon: The Black Fortress,169,207,215
Avernum 2: Crystal Souls,186,196,187
Avernum 4,102,61,57
Avernum 5,148,208,83
Avernum 6,16,111,254
Avernum: Escape From the Pit,210,137,232
B.O.O.M.  You Win [Early Access],75,12,194
Babysitter Bloodbath,156,51,146
Back To Bed,80,57,43
BackFire,227,225,108
Backspace Bouken,223,42,251
Bad Government,202,206,238
BADBLOOD,154,204,104
BAKED:MAGIC,35,49,80
BALL BUSTER 2.0,72,35,49
Barrel Roll,56,21,14
BasketBelle,154,125,239
Bastion,70,173,125
Batman: Arkham Asylum GOTY Edition,6,26,13
Batman: Arkham City GOTY,89,28,83
Bazookrash,220,246,79
BEACON,220,125,150
Bearly There,92,188,201
Beglitched,14,22,123
Behind the Masc,64,62,112
Belong,73,214,253
Benjamin of Blackstone Edge,170,123,145
Best Garden,89,219,122
Bestiary,235,30,243
Better to Upload Two Souls,201,110,133
Bewildebots,210,174,145
BFF or Die,70,189,213
Big Pharma,32,140,212
Binaries,125,219,249
Binary Heresy,175,221,27
BIT RAT : Singularity,115,75,255
Bitcoin Miner: Remastered,109,120,255
Blades,171,13,148
Blast Rush,218,238,25
Blaster Bunny +,228,37,107
Blasting Agent: Ultimate Edition,48,183,95
Bleed,226,198,17
Bleed 2,34,99,76
Blind Men,69,184,13
Blitz Breaker,169,189,45
Block Out,172,251,5
Blockara,205,66,14
Blood Bullets & Ballet,46,194,58
BloodBlast VR,9,246,134
Blue Rose,35,34,138
Boa Retina,117,195,32
Bold Blade,62,148,191
Bomb Dolls,134,102,5
Bomber Crew,108,2,75
Bomsy,68,9,165
Bonbon,79,129,63
Book of Eos,5,133,192
Boom Boom Bovine,228,7,83
BoomTown,152,195,158
Borb the Birb,68,117,180
Borderlands 2,31,213,73
Boreal Tenebrae Act I: “I Stand Before You A Form Undone”,87,40,221
BOTOLO,123,172,90
Braid,40,153,17
Brassica  A Marry Tale,48,2,66
Brathian,81,92,192
Brave Hero Yuusha EX,8,74,248
Brawlhalla,190,223,219
BREAKER,180,239,224
Breakout Poetry,29,248,207
Brendan Keogh's Putting Challenge,167,117,126
Brick Breaker Remix,137,164,116
BRKÖUT,150,40,21
Broken Minds,149,183,220
BROKEN SIGNAL,45,124,80
Brothers  A Tale of Two Sons,219,23,203
Brushwood Buddies,54,212,67
Bubbles the Cat,137,22,180
BulletHell Planes,52,212,145
Bumper Boss,68,191,209
Bunny Hill Horror,149,65,57
Butsbal,220,99,160
Butterflies Episode 1: Rudies,129,127,171
By Lamplight,32,96,28
By Your Side,178,170,204
C.M.Y.K,2,66,189
Campfire Cooking,19,95,123
Can Androids Pray: Red,215,206,168
Cannon Father,80,221,188
Captain MaCaw,5,142,113
Car Mechanic Simulator 2015,99,213,190
Car Mechanic Simulator 2015 - Youngtimer,169,82,152
CARBAGE,77,188,107
Carcassonne: The Official Board Game,118,99,17
Cardiac,144,14,249
Cardinal Chains,163,43,122
Cascadio,103,178,0
Cat Ace,63,152,177
Catacombs 1: Demon War,151,108,179
Catlandia: Crisis at Fort Pawprint,161,67,61
Catlateral Damage,158,90,143
Cats are Liquid  A Better Place,132,69,201
Cats are Liquid  A Light in the Shadows,82,123,246
Cave Story+,223,83,190
Cecconoid,133,175,144
Celestial Correspondence,15,255,70
Celestial Hacker Girl Jessica,202,210,254
Cell Tune,215,239,101
Central Limit Theorem,159,58,87
Changeling,29,16,25
Chaos Domain,132,51,146
Chess Mix,204,91,218
CHESTO  At the Checkout,123,164,66
Chimpology,151,123,95
Chipmonk!,165,46,233
Choice Chamber,117,194,144
Chook & Sosig: Walk the Plank,114,71,94
Christmas Cats Revenge,238,191,135
Cinco Paus,77,81,14
Circa Infinity,212,70,47
Cities: Skylines,233,9,137
Cities: Skylines,28,36,226
Cities: Skylines  Natural Disasters,69,232,115
Cities: Skylines  Snowfall,74,132,158
cityglitch,186,29,164
Civilization V  Scrambled Continents Map Pack,81,6,64
Clam Man,255,254,240
Clash of Coins,145,123,192
Clean ATTACK!,178,204,44
CLOSER TIES  Game Pack,18,208,59
Clouds of Fire: Blazing Skies,21,44,158
Cluster Gun,29,71,122
Code 7  Episodes 2 & 3 Available Now,80,170,109
Codemancer,149,119,229
Collared,192,136,250
Color Cannons+,247,253,247
Color Jumper,189,44,212
Combo Postage,50,247,144
Come Back: Chapter 1,117,158,80
Company of Heroes 2,4,214,127
COMPEL,126,157,36
Concentric,219,211,106
Conversations With Emma,131,43,229
Conversations With My Anxiety,12,39,141
Cook Serve Delicious! 2!!,195,8,20
Cope Island: Adrift,112,203,129
Corey Coolbrew,162,251,100
Corinne Cross's Dead & Breakfast,180,1,38
CORPSE REVIVER,27,177,141
Cosmic Rochambo,221,221,217
Cosmonaut,156,191,231
Cotrio,240,250,171
Crashed Lander,35,40,236
Crashnauts,191,89,238
Crate Punks,188,134,134
Crayon Physics Deluxe,59,135,181
Crescent Loom,43,246,219
Crest  an indirect god game,76,16,12
Croissants,62,226,120
Cromwell,43,86,173
Crusader Kings II,255,100,226
Crusader Kings II: African Portraits,6,210,132
Crusader Kings II: African Unit Pack,252,93,2
Crusader Kings II: Norse Unit Pack,174,124,5
Crusader Kings II: Russian Unit Pack,218,152,113
Crusader Kings II: South Indian Portraits 5 Year Anniversary Gift,176,25,200
Crystal Control II,177,97,231
Crystal Story: Awakening,114,167,53
Crystal Towers 2,37,193,48
Cube Rampage,177,103,2
Cubefall,92,46,159
Cuckoo Castle,164,115,151
Curse of the Crescent Isle DX,253,221,100
Cycle 28,235,242,182
D.M.T,26,221,166
Daemon Detective Gaiden II,92,209,113
Daemon Detective Racing Zero,121,202,176
Daily Chthonicle,194,67,100
Dandara: Trials of Fear Edition,74,234,27
Danger Crew,149,179,143
Danger Zone Friends,107,79,10
DANGEROUS DUELS,204,255,35
DARK SOULS™ II: Scholar of the First Sin,12,6,103
DARK SOULS™: Prepare To Die Edition,194,118,180
Darkest Wave,230,209,114
DATA LOSS,77,152,121
David,53,97,6
Dawn of a Soul,119,88,82
Dawndusk Dream Sewer,215,67,40
Daydreamour,79,139,155
Dead 4 Dress,82,220,111
Dead Pixels: The 8bit zombie sim.,192,213,215
Deadly Sin 2,27,231,47
Dear Mariko,187,205,153
Death and Taxes,254,226,243
Death Game+,45,31,205
Death Ray Manta,2,66,134
Death? Preposterous!  A Nonviolent RPG,127,124,176
Death's Life,155,214,183
Dee Dum (Computer),135,223,255
Deeper Into Space,126,151,9
DEFCON,79,47,100
Deltarune Chapter 1,160,94,63
Democracy 3,160,49,174
Democracy 3: Clones and Drones,113,246,0
Democracy 3: Extremism,22,54,138
Democracy 3: Extremism Linux,255,218,186
Democracy 3: Extremism Mac,129,73,174
Democracy 3: Social Engineering Linux,47,208,65
Democracy 3: Social Engineering Mac,188,212,217
Democratic Socialism Simulator,152,154,245
deponia The Complete Journey,154,68,33
Depth of Extinction,241,173,100
DERE EVIL .EXE,68,228,20
Desastre Colectivo,133,111,28
Desert Mothers,119,177,79
Desktop Goose,5,128,218
Desktop Meadow,204,113,31
Destiny Fails Us: A New Life,231,106,134
Destructivator 2,178,209,194
Detective Bot,161,141,164
Detective Hank and the Golden Sneeze,75,179,221
Devtheism,31,135,118
Diablo 3,178,24,159
Dialogue: A Writer's Story,205,203,82
Diaries of a Spaceport Janitor,97,99,209
Dimension Drive,178,23,86
Dinos In Space,243,63,221
Dis Pontibus,70,6,46
Discovering Colors  Animals,200,181,7
Discsphere,197,212,243
Dishonored,82,80,145
Disobedient Sheep,76,225,226
Distortion Nation,92,47,187
Divinity: Dragon Commander,216,78,96
Dogs Throwing Swords II: Three Barks To The Wind,254,63,63
Dogurai,39,46,132
"Dominique Pamplemousse and Dominique Pamplemousse in \Combinatorial Explosion!\""""",232,108,216
"Dominique Pamplemousse in \It's All Over Once The Fat Lady Sings!\""""",161,135,152
Don't Move,74,33,167
Don't Starve,186,221,243
Don't Starve Reign of Giants,44,41,47
Don't Starve Together,253,77,109
Don't Starve: Shipwrecked,206,196,23
Don't Take It Personally I Just Don't Like You: The Camping Trip,174,0,75
DON'T WAKE THE NIGHT,208,67,197
Doodle Date,129,222,91
Dorfromantik (Prototype),188,63,213
Dota Underlords,194,47,188
Double Cross,9,26,139
down.,248,47,154
Dr. Langeskov The Tiger And The Terribly Cursed Emerald: A Whirlwind Heist,111,68,183
Dr. Trolley's Problem,139,176,121
Dragon Ball Xenoverse 2 for Nintendo Switch Lite,2,106,11
Dragondot 3,235,247,91
Drake,178,76,99
Draw Nine,54,131,45
Dreaming Sarah,42,5,132
DriftKing 2D,137,122,54
Drive to Hell,63,44,64
Drones The Human Condition,38,157,104
DROPSHIP,136,215,51
Drum Brain,157,180,239
Dry Drowning,96,148,106
Dual Pong,6,31,164
Duck in Town  A Rising Knight,123,103,65
Dujanah,209,90,45
Dungeon Nightmares II  The Memory,146,198,107
Dungeons & Dragons Online®,132,128,209
Dungeons & Lesbians,28,117,22
Dungeons 3,84,184,79
Dungeons of Dredmor,106,50,212
Dungeons of Loot,47,36,17
Dusk Child,147,156,125
Duskers,246,51,129
Dwerg Saga,205,237,15
DYO,254,221,16
east van EP,180,174,50
EAT GIRL,11,197,16
Ecchi Sketch: Draw Cute Girls Every Day! (All Ages Ver),239,194,25
Echoes of the Fey Episode 1: The Fox's Trail,164,68,120
ECON  Elemental Connection,249,57,26
Eizoku,222,105,152
El Interrogatorio,83,80,28
El Tango de la Muerte,110,238,58
Eldritch,19,226,114
EleMetals: Death Metal Death Match,44,251,189
Elephant Hunter Hunter,62,235,249
Elite Dangerous,109,184,7
Else Heart.Break(),249,130,237
Emberlight,253,142,79
Empyrean Frontier,218,31,26
EMUUROM,164,120,204
Enc and the Flying Machine,72,119,177
Endless Legend™,87,203,57
Endless Sky,119,69,11
Engineer Arena,132,161,47
Enter the Gungeon,156,97,169
ephemera of evalynn cott,146,83,35
Ephemeral Tale,245,100,104
Epic Battle Fantasy 4,81,68,13
Equaboreal 12.21,66,144,165
Equilinox,178,150,201
Erth,149,120,216
Escape from Life Inc,32,31,91
Escaped Chasm,115,106,47
Escort Yourself Out,216,241,221
Eselmir and the five magical gifts,3,112,204
ETHEREAL,190,55,108
Euro Truck Simulator 2,229,171,236
Euro Truck Simulator 2  Going East!,243,80,219
EVADER,133,161,207
EVE Online,127,174,90
Even in Arcadia,87,229,176
Evergarden,0,222,143
Eves Drop,184,0,32
Evil Genius,238,54,110
Explobers,59,141,112
EXTREME MEATPUNKS FOREVER,144,156,242
Extreme Mining,86,65,101
Eye of Ra,96,182,130
F-Zero,82,227,91
F1 2018,5,9,217
Factorio,246,33,13
Factory Hiro,16,90,238
falling is not the same thing as dying,184,99,99
Falling Skies,193,57,83
Fallout New Vegas: Courier's Stash,167,78,7
Fallout New Vegas: Dead Money,171,79,25
Fallout New Vegas: Honest Hearts,61,213,146
Fallout Shelter,157,246,181
Fallout: New Vegas,184,230,50
Fantom Feast,90,34,212
Far Cry® 3,170,237,114
Far from Noise,79,186,81
Farming Simulator Nintendo Switch Edition,219,59,213
Fat Bear Week,26,155,162
Fate Tectonics,221,42,211
Fateful Lore,231,102,74
Feud,53,122,56
FEZ,176,153,122
Fidelity,66,17,10
Fish Fly Fever,79,214,94
FLAMBERGE,186,242,57
Flash Point: Fire Rescue,199,75,10
Flashover MegaSector,135,240,215
FLAT FORM FIGHTER,156,111,140
Flat Kingdom,129,33,138
Flewberry,175,176,99
Flowerdrops,225,73,188
Flufftopia,73,219,46
Flux,128,39,209
Fools Fortune,236,37,212
Football Drama,138,125,157
Football Manager 2020,198,56,155
For The King,88,56,213
Forever Lost: Episode 1,8,54,3
Forever Lost: Episode 2,132,167,37
Forever Lost: Episode 3,98,249,167
FORGET THE BRAKES!,146,128,71
Forgiveness : Escape Room,94,168,193
forma.8,236,145,72
Fortnite,111,163,40
Fortune499,214,66,126
Fossil Echo,60,55,173
Fossil Hunters,132,115,222
Four Horsemen,155,141,93
Four Sided Fantasy,68,107,12
Foxhole,102,22,161
FRIDAY NIGHT BULLET ARENA,68,133,33
FROG,167,181,95
From Orbit,63,131,155
FTL: Faster Than Light,34,165,254
Fugue,11,172,98
Fugue in Void,45,140,216
Fumiko!,120,177,10
Furries & Scalies & Bears OH MY!: Ultimate Edition,22,140,48
Fusion Shift,177,109,28
FutureGrind,224,122,21
Galactic Civilizations II: Ultimate Edition,46,222,68
Galactic Civilizations III,207,138,69
Galactic Wars,221,206,232
Galak-Z: Variant S,146,178,233
Gambol,255,13,198
Ganbare! Super Strikers,66,250,65
Garden Match,52,71,170
Garrison Gauntlet,134,166,53
Gataela,185,209,45
Geneforge 1,195,73,191
Geneforge 2,108,194,162
Geneforge 3,209,50,190
Geneforge 4,249,94,146
Geneforge 5,168,8,149
Germination,5,155,190
Ghost Grab 3000,68,86,176
Ghost Story,105,204,227
Giant's Chalice,127,134,186
Gladiabots,81,215,222
Glitch Strike,18,235,142
Glittermitten Grove,173,69,173
GNOG,2,73,21
Go Morse Go! Arcade Edition,139,38,75
God I Hate Wasps,106,142,104
Golden Treasure: The Great Green,30,85,38
Golem Creation Kit,211,202,230
Golf Peaks,152,20,249
Golf Story,146,109,249
Goopty Goo,139,49,141
GourMelee,4,90,97
Grand Theft Auto V,34,112,167
Gratuitous Space Battles,84,102,227
Graveyard Shift,49,153,48
GRAVITY FIGHTERS,149,5,104
Greg the Clumsy Ghost,128,93,37
Grievance,126,85,128
Grime & Gaslight,79,53,163
Grindhouse Games Volume I,126,171,217
Guide of the Butterfly,214,112,144
Guild of Dungeoneering,218,6,175
Guitar Fretter,103,101,231
Gumgem,147,118,121
Gun Rounds,159,46,102
Gunbuds,78,196,181
Gunducky Industries,136,53,82
Gunhouse,43,42,155
GUNPIG: Firepower For Hire,177,155,202
Guppy,25,221,207
Gutwhale,157,186,78
Hack 'n' Slash,235,158,169
Hack Slash Loot,133,226,96
Hacknet,159,255,251
Haiduc,225,50,242
Hair Dash,225,4,27
Halcyon 6,85,247,135
Halloween Forever,39,178,156
Hammer Bomb,47,88,170
Hammerwatch,26,69,11
Haque,82,206,185
Hardspace: Shipbreaker,177,115,248
HATCH,2,202,17
He Plays the Piano,43,52,70
HEADLINER,241,28,26
Headliner: NoviNews,122,135,230
Headspun: Dazed Edition,127,3,51
Heartbreak High: A BreakUp Simulator,109,189,224
Hearts of Iron IV,220,172,70
Heavy Bullets,0,176,34
Hedera,227,56,85
Helium Rain,138,163,106
Hellenica,213,56,159
Hello Charlotte EP2: Requiem Aeternam Deo,28,93,69
HellStar Squadron,47,105,84
Hermit the sluggish caterpillar of the sea,170,228,140
Hero Generations,78,20,53
Heroing Addict,159,28,243
HeroRun,225,105,164
HexaCycle,208,239,60
Hidden Folks,40,124,160
Hidden Paws,234,82,240
Highway Blossoms: Remastered,231,210,179
Hippo on Elm Street,27,141,230
HiScore Boi,111,2,237
Hive Time,77,102,177
Hollow Head,248,235,120
Hollow Knight,104,58,197
Homing,147,144,218
Honor Cry: Aftermath,134,190,132
Hooklings,179,22,155
Hooks And Shotguns,73,92,49
Hope's Peak,234,170,99
Hot Pot Panic,102,0,232
Hotel Paradise,227,208,141
How About Spikes,124,156,12
HubWorld,215,224,171
Hue,172,44,127
Hunter's Moon Remastered,101,123,138
Hyper Gauntlet: Legacy of Nozzlethruster III,27,57,79
Hyper Sentinel,73,22,6
Hyperplex 3D,49,39,240
Hyperspace Dogfights,28,199,77
I EAT MANTRAS FOR BREAKFAST,55,247,194
"I Have Low Stats But My Class Is \Leader\"" So I Recruited Everyone I Know To Fight The Dark Lord""",163,254,213
I See You,25,97,120
I want to be a Triangle,123,116,222
I'm Bored Let's Explore (Mall),38,212,249
I'm Bored Let's Explore (Ruins),136,81,154
Idioctopus,37,62,28
Idle Champions of the Forgotten Realms,232,8,149
if not us,178,94,79
IGEO,47,87,144
Il Filo Conduttore,57,210,74
Image of Perfection,115,110,248
IMMURE,88,4,15
Imperishable Memories,101,26,146
IMSCARED,42,139,126
In My Friend Carrie's Car,238,219,211
INDECT,48,94,247
Indiepocalypse #4,88,241,36
Infiniboss,55,49,170
Inkanians,151,12,82
INNER Anthology  FREE,86,216,78
Inside,208,96,194
Insufficient Adjectives,242,145,79
inSynch,21,196,139
Intelligent Design: An Evolutionary Sandbox,200,179,4
Interactive Portraits: Trans People in Japan,84,6,129
Interactivity: The Interactive Experience,65,252,254
Interstellaria,158,160,84
Into The Breach,48,178,249
Into The Mist 2: The Cult,47,6,137
Intrepid,225,149,101
Inverness Nights,140,174,186
ISLANDS: NonPlaces,161,87,33
Isolation Story,54,160,135
Istrolid,8,43,91
iZBOT,184,170,234
J.Edgar Hoover Vs. Kennedy,79,197,72
J.U.L.I.A.: Among the Stars,77,174,191
Jabberwocky,59,26,76
Jagged Alliance Flashback,79,160,179
Jam and the Mystery of the Mysteriously Spooky Mansion,76,237,94
Jet Buster,217,148,254
Jiayou MemoVirus,203,115,247
Jimmy and the Pulsating Mass,221,172,43
Joggernauts,171,200,162
Jotun: Valhalla Edition,36,138,252
JUMPGRID,119,74,246
Jumpin' Jupiter : Prelude,135,190,107
Jupitron Game Collection Vol.1,251,236,129
Jurassic World Evolution,229,119,109
Just Another Day at the Office,129,181,138
Just one must choose,114,176,137
Kaiju Big Battel: Fighto Fantasy,191,192,6
Kalling Kingdom,237,108,33
Karakurikun (old version),238,171,252
Karambola,136,192,77
Keep It Together,144,30,150
Kerbal Space Program,12,111,79
Kerbal Space Program: Making History Expansion,239,139,98
KeyCars,162,50,101
KIDS,195,35,21
Killer Queen Black,17,167,35
Kingdom Ka,90,144,252
Kingdom New Lands,107,21,255
Kingdom: Classic,196,68,251
Kingdoms of Amalur: Reckoning™,175,8,82
Kintsugi,183,25,30
Knightmare Tower,250,100,247
Knights of the Card Table,34,200,170
kno,235,100,126
Koshka's Kofe,204,25,138
Kubyx,99,72,206
Labyrinth of Wild Abyss,232,252,55
Lacrymo Tennis 2016 (+ 2018),132,83,162
Laser Paddles,175,127,87
LaserCat,33,242,235
Last Knight: Rogue Rider Edition,52,94,242
Last Word,130,129,229
LAZA KNITEZ!!,11,208,180
LazerGrrl,96,133,143
Lazy Galaxy: Rebel Story,250,71,116
Legend of Hand,250,16,112
Legend of the Lost Dragons,22,165,190
Legend of Zelda,206,186,28
Legend of Zelda 2: The Adventure of Link,176,88,111
Legend of Zelda Breath of the Wild,154,48,0
Legend of Zelda Links Awakening,140,16,25
Legionwood 2: Rise of the Eternal's Realm,167,49,53
Lenna's Inception,18,47,102
Lew Pulsipher's Doomstar,107,162,48
Lieve Oma,107,53,84
Life Goes On,64,40,85
Life In Captivity,97,148,94
Life: the game of chance,206,209,87
Lifeless Planet: Premier Edition,109,225,21
Lingotopia,86,254,111
Little Bug (full version),99,131,232
Little Cells,80,5,66
Little Comet,251,245,221
Lizzi Crossing,223,29,255
Location Withheld,19,33,92
Location Withheld Demake,148,212,181
Locomancer,45,239,125
Lonely Wolf Treat,19,252,5
Long Gone Days,77,163,174
Loot Rascals,28,16,1
LOVE,120,232,173
Love Hues! [Full Game],209,159,29
Lovers in a Dangerous Spacetime,190,242,87
Lucid Awakening 2,76,140,173
Luminous,4,182,230
luminous corridor 0,84,122,206
Luminous Labyrinth,71,195,194
Luna,102,179,101
Luna's Wandering Stars,32,216,105
LYNE,167,177,10
Mable & The Wood,105,90,21
Magic the Gathering,212,77,3
Magic Trick,14,40,136
Magic: Legends,253,195,110
MagiCat,153,66,190
Magicka,125,12,193
Make It Last,75,51,101
Make your Adventure,107,9,210
Manna for our Malices,74,163,229
Manual Intervention,45,54,31
Marie's Room,189,77,29
Mario+Rabbids Kingdom Battle,76,14,61
Masks,31,211,233
Mass Warfare,169,100,64
Master Spy,107,99,176
Mastermind Classic,181,152,21
Me and (My) Cat's Castle わたしと(わたしの)ねこのしろ,23,33,72
Mech_Romancer Charity Bundle 1,49,135,221
Meditation 5,58,166,98
Meeting in the Flesh,68,37,10
Memoir En Code: Reissue,170,173,173
Mendel,155,137,41
Metamorphabet (2015),200,4,249
MetaWare High School (Demo),137,10,217
Metori,152,136,161
Metroid,117,96,72
MewnBase,170,104,15
Miasma Caves,19,154,145
Miasmata,164,3,20
Micro Mages (NES / PC),213,21,16
MicroHorrorArcade Trilogy I  Andy's Story,152,165,233
Micron,50,176,179
MidBoss,228,116,56
Midnight Manor,186,68,41
MIDNIGHT ULTRA,126,182,111
Miles Infernum,37,147,211
Milkmaid of the Milky Way,6,100,56
Minecraft,21,133,128
Mini Ghost,42,243,143
Minit,83,137,42
Mission: It's Complicated,225,83,35
Mobility! Accessible precision platformer,163,210,112
Mobius,68,139,238
Mole,229,138,186
Monaco,217,219,214
monad,8,63,189
Moncuties for All,70,128,246
MonGirl Tile,218,77,70
Monster Jaunt,230,63,228
Monster Match,130,110,217
Monster Pub Chapter 1,172,245,66
Monster Pub Chapter 2,84,115,172
Monster Pub Chapter 3,201,227,123
Monsters of Kanji,196,229,174
MONUMENTAL FAILURE,11,128,27
Moonstone Deep,162,184,155
MORFOSI｜莫法西,167,102,199
MORTAGH: COLLECTOR of SOULS,119,232,90
Motorsport Manager for Nintendo Switch,159,190,14
Mount & Blade,255,64,240
Mount & Blade: Warband,119,132,230
Mount & Blade: Warband  Napoleonic Wars,227,158,11
Mount & Blade: With Fire and Sword,213,43,196
mr mayor tells your fortune recounts a story and offers you snacks,226,117,88
Mu Cartographer,185,0,79
MULTIPUCK,66,84,63
Mutiny Island,170,197,25
My Haunted Doll,246,166,25
My Time At Portia,162,56,169
Myth Bearer,43,27,101
Nano Driller,6,176,238
Naughty Elves  Christmas puzzle game,182,95,35
Nelly Cootalot: Spoonbeaks Ahoy!,99,22,77
Neocolonialism,94,148,249
NeoLite,35,142,124
Neon Blight: Final Demo,210,151,205
Neon Noodles,77,100,35
Neon Valley: Revenge,41,152,158
Nepenthe,175,209,229
Nest Lander,97,17,185
Nethergate: Resurrection,131,122,90
New Ice York,111,91,13
Newfound Courage,179,200,106
NEXT JUMP: Shmup Tactics,235,233,156
Niche  a genetics survival game,117,138,68
Nigel,42,26,228
Night in the Storm,122,155,45
Night in the Woods,35,220,178
NIGHT OF THE CONSUMERS,191,188,220
"Nina Aquila: Legal Eagle Chapter II: \Broken Wings\""""",3,150,161
Nine Nines,66,224,99
NiNi,71,1,202
Ninjala,9,117,220
No Brakes Valet,105,159,82
No cortarás a tu hermana con el filo de esta espada,95,221,209
No Delivery,165,167,222
No Man's Sky,71,5,204
No More Kings,45,148,148
No Pineapple Left Behind,93,218,0
no secrets,237,147,50
NO THING,42,23,75
No Wheels Racing,121,20,194
NOISE1,229,76,193
Nonsense at Nightfall,115,100,2
Not the Robots,223,25,224
Nótt & Dagr,137,83,44
Nuclear Throne,166,252,182
nullpointer,153,194,164
Nuvoloso,240,202,207
Oath of the Ambling Rose,39,46,105
Octodad,22,103,85
Octodad: Dadliest Catch,250,1,12
Odd Realm,1,238,228
OddyTree,164,195,176
Oh Jeez Oh No My Rabbits Are Gone!!!,213,22,29
Oh No! Bugs!,5,49,120
Oikospiel Book I,47,41,232
Old Man's Journey,104,142,93
Ollie & Bollie: Outdoor Estate,96,157,35
OMEGANAUT,250,8,241
Ominous!,55,149,65
On Rusty Trails,225,237,147
Once Upon A Crime in the West,95,100,181
One Night Stand,68,207,32
OneEyed Lee and the Dinner Party,4,203,100
OneEyed Lee: Prologue,15,200,14
OneShot,255,70,173
Online Simulator,112,98,198
Orbis  Throw them all!,21,110,26
Order A Pizza: A Visual Novel,69,84,238
Orion Trail,218,95,47
Orison of Mercury,216,123,248
Otherside,30,120,34
Ouroboros: The Sacrifice,94,51,86
Out the Window: a car trip sim,182,100,167
Outpost Horizon Station,98,231,225
Over Run,106,208,123
Overcooked,211,245,126
Overcooked! 2,145,241,173
Overland,140,189,182
Oxenfree,17,173,168
Pacman 99,169,144,174
PADager,243,72,208
PAGAN: Autogeny,15,169,250
Paint Game,135,180,111
Painty Balls,102,186,98
PALACE OF WOE,254,236,141
Paladins,64,46,18
Panmorphia,25,141,255
Papers Please,166,3,162
Papo & Yo,152,144,166
Parallax,108,45,157
Paranautical Activity,191,3,19
PARANOIHELL,28,84,69
Parsnip,22,175,153
PARTICLE MACE,20,92,167
Patches Of Adventure,48,147,135
Path of Exile,24,223,162
Path Out,18,16,100
Pathway,255,254,120
PAYDAY 2,126,137,226
Peace of Mind,209,188,186
Peak Bleak Blues (and other moods),147,89,203
Peck N Run,196,56,22
Peckin' Pixels,77,145,173
Penance,251,65,179
Pendula Swing: The Complete Journey,113,169,29
Penguins Arena,100,72,62
perfect park,149,194,231
Perpetuum Mobile,61,223,237
Perspectrum,170,2,251
Pet the Pup at the Party,12,97,240
Petty Puny Planet,49,235,188
PHNHOME,85,119,181
Phoenix Heavy,174,23,224
Pichon!,43,113,50
Picky Pop,154,254,127
Pictassembler,172,48,253
Pikuniku,228,193,14
Pikuniku,98,206,247
Pillars of Dust,35,15,38
Pillars of Eternity  Definitive Edition,88,185,50
Pilotwings,81,52,53
Pin Puck,203,213,157
Pixel Fireplace,118,133,222
Pixel Piracy,105,27,144
Pixel Session Vol.1,5,146,149
PixelJunk Eden,118,185,166
Pixelry,113,133,7
PizzaBoy,119,179,246
Plana Gravatatis,27,80,95
Planet Diver,213,29,183
Planetary Annihilation,145,192,140
Planetary Annihilation: TITANS,79,165,132
PlanetSide 2,37,85,244
plant daddy,41,208,44
Play With Gilbert,162,58,203
please,149,207,211
Please Follow,122,123,58
Pleroma,183,214,198
Plunge,35,148,114
Pocket Square,27,166,196
Pokemon Cafe Mix,128,119,101
"Pokemon Let's Go, Eevee!",253,241,54
Pokemon Quest,166,208,25
Polymute,125,86,104
POM SIMULATOR 9000,216,249,154
Portal Dogs,159,69,126
Possession,158,111,79
Potato Thriller (Classic),119,113,169
Potion Commotion: Heart Edition,155,3,140
Predicate,45,25,52
Prison Architect,121,19,135
probability 0,61,215,187
Project Kat,12,59,128
Project MALLOW,103,152,236
Psychonauts,64,184,148
Pulstario,206,212,113
Pumpking,175,46,106
PuPaiPo Space Deluxe,228,60,9
Purple Chicken Spaceman,7,221,188
Purple Noise Echo,26,85,1
Puzlogic,149,8,148
Puzzle Puppers,137,239,106
Pyramid,57,152,253
Pyramidal Break™,104,187,167
Pyre,144,150,211
Qavo,82,35,58
QLRZ,55,20,229
QUACK ATTACK 1985: TURBO DX EDITION,52,64,247
Quadrilateral Cowboy,69,187,176
Quench,139,227,106
Quible Sphere,254,85,121
Quiet as a Stone,94,247,156
Radical Solitaire,120,207,197
Raik,136,156,19
Railway Empire,118,136,195
Rakete,15,56,129
Rasternauts,153,193,111
Real Winners: Victoryball,101,126,31
Realm Grinder,160,187,51
Realm of the Ghost King,104,224,51
Rebop Blasters,111,231,69
Receiver,100,136,100
Receiver,50,204,167
Record Store Nightmare,157,11,149
Recording the Predestined Time,230,190,9
Refactor,196,218,69
reky,91,65,183
Remember Me,139,213,174
Remnant: From the Ashes,44,14,150
Remnants,244,158,188
Reproduction Man,6,103,38
RESPITE 2.0,125,137,155
Retrace,2,244,242
Retromancer,64,195,149
Reus,165,234,159
Rex: Another Island,43,216,70
reYal,179,135,245
Ring of Fire Prologue,13,228,70
ring ring,155,235,90
Ripped Pants at Work,131,11,193
Rising Dusk,50,231,7
RISK SYSTEM,213,34,175
River Tiles,108,10,66
Rochard,30,201,164
Rock n' Rush: Battle Racing,21,125,48
Rocket league,18,61,184
Rogue Legacy,119,215,239
Rogue Rocks,199,203,245
RogueCraft Squadron,100,87,55
Rogues Like Us,65,16,112
Roguescape,88,126,57
Roll+Heart,155,247,158
RollerCoaster Tycoon: Deluxe,255,122,185
Rooftop Cop,25,145,244
Rulent Tower VR,60,71,105
Run Jump Fail,204,118,131
Runner3,15,246,253
Ruya,14,194,22
RYB,53,248,206
Rym 9000,63,16,190
Ryza Roads,12,143,25
Sacred Gold,235,93,64
SACRIFICE,26,217,78
Sagebrush,118,130,128
SAI,66,144,14
Saints Row: The Third,119,201,159
Salt,234,95,159
Salvage Solitude 8140,134,166,120
Samorost 3,5,106,220
Sandcastles (2017),148,195,67
Sanguine Sanctum,103,88,38
Satan Loves Cake,238,66,143
Satellite Repairman,182,114,26
Savage Tokusatsu: Kaiju Mechs and Heroes for Savage Worlds,100,64,55
Savant  Ascent,138,122,4
Saving You From Yourself  Unity Remake,94,201,32
Scrapper,129,234,85
Scratch's Sc0re: Hellish Descent,124,96,46
Screeps,169,10,126
Season's Beatings,158,193,158
Secret Little Haven,232,91,130
Secrets of Raetikon,40,237,193
Seduce Me The Complete Story,113,95,12
Self.destroy(),186,131,246
Semblance,152,238,226
Serre,58,125,169
Served,140,165,92
Sewer Rave,232,206,168
Shadow Warrior,148,52,87
Shadowcut,203,120,176
Shadowrun Returns,130,86,25
Shardbound,84,27,229
Shatter,135,118,127
Sheep Dreams Are Made of This,163,97,132
Sheepless Nights (Math cardgame),130,100,218
Shelter 1,75,211,163
SHENZHEN I/O,31,93,21
Shipwreck,5,34,204
Shn!p,233,46,110
SHNIPERS,249,118,195
Shoot Shoot Mega Pack,141,72,216
Shrine to Anubis,188,228,61
Shrug Island  The Meeting,6,168,207
Shutter Stroll,4,89,26
Sid Meier's Civilization V,182,89,217
Sid Meier's Civilization V: Brave New World,51,186,155
Sid Meier's Civilization VI,249,58,65
Sid Meier's Civilization: Beyond Earth,23,10,47
Sid Meier's Pirates!,89,180,45
Sidewords,156,128,208
Signs of the Sojourner,215,41,181
Silicon Zeroes,118,94,40
Silk,64,19,34
Silver Grapple,227,182,123
SilverQuest Gaiden,14,99,22
Sir You Are Being Hunted,91,36,102
Six Match,202,47,173
Skeletris,92,118,107
Skin & Bones,138,167,69
Sky Rogue,217,198,200
Skyborn,94,23,59
Slam Fighter II,207,153,178
Sleeping Dogs™,147,29,128
Smite,163,125,159
Snake Blocks,225,216,36
Social Justice Warriors,157,217,253
Soft Body,75,136,108
Sokoban Land DX,250,166,181
Solar Collector,34,110,242
Soldier of Fortune,93,38,0
Soma Spirits: Rebalance,121,22,135
Some Like It Hot: Chapter 0,146,99,205
SOMOS,30,32,29
Sonar Smash,92,143,187
songs and flowers,200,254,138
Sorbetta: Gravely in Debt,22,43,80
SOS: SPECIAL OPERATIVE STORIES,46,251,67
Soundodger+,253,253,113
soundStrider,219,246,84
Space Duet™,125,238,209
Space Hole 2016,181,45,215
Space Madness,249,139,4
Space Mayhem,117,114,55
Space Mining Clicker,16,79,62
Space Pirates and Zombies,103,142,250
SPACEBEEF,242,157,125
SpaceHole2018,146,144,225
Spectres of the Cold,146,8,138
Speed Dating for Ghosts,73,173,169
Speed Farmers,196,221,77
Spell Casting,189,105,232
Spellbreak,145,177,193
Spellbreak,115,5,145
Spirits of Xanadu,114,243,191
Splatoon 2,231,71,196
Splinter Zone,95,65,63
Splodey Vaders,23,53,183
Spoiler Alert,101,98,0
Spooky Ghosts Dot Com,213,41,55
Spooky Station,208,51,245
Spring Falls,164,42,197
SpringBack,21,239,191
Stage Fright,200,152,107
Star and Light 1.0,34,175,77
Star Escape,207,88,23
Star Realms,251,33,107
Star Trek Online,43,182,170
STAR WARS™ Battlefront™ II: Celebration Edition,23,61,110
STAR WARS™ Empire at War: Gold Pack,15,51,165
STAR WARS™ Knights of the Old Republic™ II: The Sith Lords™,17,186,161
STAR WARS™ Republic Commando,8,1,67
STAR WARS™: The Clone Wars  Republic Heroes™,138,88,39
STAR WARS™: The Force Unleashed™ II,113,26,197
STAR WARS™: The Force Unleashed™ Ultimate Sith Edition,200,162,47
Starcats,186,4,63
Stardew Valley,56,195,243
Stardew Valley,233,16,15
StarDrive 2,178,149,190
STARDROP,160,197,183
StarFighter R&D HD Edition,204,234,5
Starlight Shores,254,111,3
Starpoint Gemini 2,183,216,208
Stars Die,191,113,16
starseed pilgrim,138,106,72
Stealth Bastard Deluxe,121,228,233
Stealth Fishing,0,131,105
Steam Marines,8,51,245
Steam Marines 2,58,191,213
SteamWorld Dig,202,217,3
Stellaxy,41,100,82
Stick it to the Man,137,225,220
Stick Nightmare,52,116,54
Stoneblade,34,89,138
stop,168,36,105
Stophat,3,119,230
STOWAWAY,183,95,68
Stranded Deep,182,108,255
STRAWBERRY CUBES,191,62,7
Strike Suit Zero,107,10,71
String Tyrant,187,73,94
Styx: Master of Shadows,99,175,23
Subterrarium,104,131,244
Sun Dogs,125,30,210
Sunless Sea,193,24,247
Super Bernie World,187,183,30
Super Crome: Bullet Purgatory,39,29,242
SUPER CUBE ATTACK,1,215,26
Super Dunkman,51,190,113
Super HelmKnight,214,182,209
Super Hexagon,187,188,44
Super Ledgehop: Double Laser,103,214,136
Super Mario Bros. 35,229,82,81
Super Mario Odyssey,106,97,185
Super Mario Party,5,40,114
Super Mario World,99,232,220
Super Meat Boy,138,121,227
Super Metroid,118,16,149
Super Platformer Gun,114,168,100
Super Rad Raygun,155,12,31
Super Sellout,204,170,82
Super Skull Smash GO! 2 Turbo,100,125,244
Super Slime Arena,148,183,11
Super Snake 3D,220,148,131
Super Win the Game,184,29,50
Superbrothers: Sword & Sworcery EP,200,104,9
Superhuman Industrial and Immaterial Incorporated,119,0,193
SuperLuminauts,59,112,147
Surprise Mechanic: The Gaming Trivia,82,27,110
Surviving Mars,227,222,181
Sushi Master VR  寿司職人VR ,148,69,126
Sverdheim,80,246,40
Sweet Lily Dreams,214,0,82
Sweet Volley High (All Ages ver),174,134,59
Switch 'N' Shoot,245,164,229
Swung,29,140,209
Synestia,60,156,117
SYSCRUSHER,215,242,98
Taco Tom 2,151,205,157
Tales Across Time,105,241,225
Tales from the Road,116,174,225
Tales From Windy Meadow,239,94,172
Talisman: Digital Edition,139,254,201
Talisman: Prologue,37,232,7
Talk To Me,128,13,215
Tallowmere,57,230,15
TAMASHII,209,52,112
TANGLEWOOD® (SEGA Mega Drive and Genesis),40,36,68
Tangrams Deluxe,158,122,38
Tap Strike BOOM!,211,145,6
Task Force Kampas,92,161,244
Temple Scramble,184,119,62
TEOCALLI,62,98,232
Terraforming Mars,134,35,221
Terraria,237,130,163
TerriFried,138,68,53
Tessa's Ark: Chapter 1,104,205,15
Test Tube Titans,76,243,4
Tetris 99,20,158,164
That Puzzle Game Everyone Knows,140,57,153
That Which Binds Us,223,72,244
The Adventures of Elena Temple: Definitive Edition,148,100,207
The Alabaster Donut Farm,152,254,94
The Alto Collection,59,92,236
The Aquatic Adventure of the Last Human,254,16,161
The Archives of Evil Dr BA,143,18,58
The Away Team,59,62,172
The Big Wave: Colorblind & Deaf Friendly Puzzle Game,155,82,181
The Captain's Log,239,214,64
The Curse of Trasmoz,44,235,87
The Dark by Eric Koziol,187,121,234
The Dastardly Dairy Debacle,170,216,114
The Death of the Corpse Wizard,135,69,155
The Deer God,31,211,210
The Elder Scrolls V: Skyrim,102,6,15
The Elder Scrolls V: Skyrim  Dawnguard,237,15,15
The Elder Scrolls V: Skyrim  Dragonborn,162,243,64
The Elder Scrolls V: Skyrim  Hearthfire,30,166,70
The Elder Scrolls V: Skyrim Special Edition,161,99,207
The Elder Scrolls: Blades,230,107,234
THE ENIGMA MACHINE,92,191,49
The Escapists 2,159,151,108
The Fall,35,68,155
The Fall of Lazarus,126,129,112
The First Tree,50,124,180
The Floor is Jelly,178,61,251
The Four Kings Casino and Slots,115,97,82
THE GREY MAN,20,39,115
The Guilt and the Shadow,94,139,46
The Hero of Budgie Island,249,139,163
The Hex,190,130,14
The House on Holland Hill,129,184,174
The Incredible Adventures of Van Helsing,111,107,100
The Incredible Adventures of Van Helsing: Thaumaturge,183,92,247
The Indifferent Wonder of an Edible Place,202,143,119
The Jackbox Party Pack 2,118,100,119
The Jackbox Party Pack 4,106,107,224
The King's Bird,164,7,1
The Land of Glass,32,156,148
The Last Librarian,184,205,98
The Legend of Zelda: A Link to the Past,46,115,167
The Legend of Zelda: Breath of the Wild,143,184,39
The Long Dark,83,166,242
The Lost Art of Innkeeping,62,67,170
The Maker's Eden,68,137,141
The Missing Locksmith,39,48,79
The Morrison Survival Game,120,100,143
The Müll Littoral,172,38,70
The Night Fisherman,132,220,9
The Night Journey,236,158,146
The Nine Lives of Nim: Fortune's Fool,168,166,164
The Novelist,185,242,28
The Old Man + Extra chapter,99,59,102
The Plan,15,49,146
The Political Compass: Devil's Labyrinth,116,252,14
The Quiet Sleep,236,199,101
The Rainsdowne Players,230,149,158
The Real Texas,47,3,63
The Reaper's Almanac,244,192,161
The Recipe Of Madness,128,247,19
The Red Door,139,116,57
The Search,2,190,39
The Secret of Tremendous Corporation,42,99,91
The Silent Age,187,134,92
The Space Between,172,194,224
The Spark of One,157,118,121
The Stillness of the Wind,246,172,198
The Subject,188,37,149
The Supper,18,204,65
The Sword and the Slime,170,201,194
The Talos Principle,2,213,133
The Testimony of Trixie Glimmer Smith,183,118,65
The Textorcist,126,66,51
The ThreeBody Problem,201,97,201
The Tower: The Order of XII,117,150,102
The Trans Zone,183,21,222
The Trolley,59,47,236
The Valley of Super Flowers,146,138,80
The Whisperer in Darkness,62,247,205
The White Door,111,238,248
The Witcher 2: Assassins of Kings Enhanced Edition,175,227,89
The Witches Tea Party (Light Version),242,111,80
The Wolf's Bite,82,80,159
The World Begins With You,51,42,36
The World Next Door,26,164,108
Theorem,63,64,253
There Will Be Ink,242,254,95
These Lands,245,228,19
They Bleed Pixels,161,90,123
They Came From Uranus!,60,27,82
Thief,174,133,73
Thief simulator,84,135,90
ThinginItself,204,184,104
This Call May Be Recorded,23,98,207
this discord has ghosts in it,131,51,195
This Strange Realm Of Mine,213,162,128
This World Unknown,148,38,150
Those Spacecrafts,248,170,30
Thou Shalt Be Brave,218,10,156
Three Lesbians in a Barrow,14,134,237
Throw Cubes into Brick Towers To Collapse Them,11,125,43
Thrunt,222,8,172
ThrustMe,8,156,216
TICKET,14,246,145
Ticket to Ride,145,228,97
Ticket to Ride  Europe,100,32,167
Ticket to Ride  Legendary Asia,11,135,10
Ticket to Ride  Switzerland,93,137,152
Ticket to Ride  USA 1910,105,44,27
Time Stone,231,213,182
Timebomb,38,153,99
TimeOut,234,103,65
TinkerQuarry,84,228,16
Tiny Dangerous Dungeons,146,242,121
TIS100,15,35,206
To Be a HerpWitch,196,58,204
To the Moon,176,217,100
Toaster Jam,55,181,73
Toki Tori 2+,46,197,113
Tomb Raider,212,30,168
Tonight We Riot,86,222,117
Torchlight,112,117,216
Torchlight II,104,235,66
Torchlight II,213,154,83
TorqueL / トルクル,55,202,21
Toto Temple Deluxe,50,23,14
Touhou Fan Game Jam Black Lives Matter Collection,176,109,26
Towayami,142,116,10
Towertale,110,35,112
Train Simulator,17,98,63
Transistor,154,15,7
Trash wars,188,99,35
Trawl,45,94,25
tri.Attack();,159,145,239
Trine 3: The Artifacts of Power,185,98,102
Tropico 5,100,104,249
Tropico 5,151,189,175
Try,178,227,133
tumbleblox,145,58,101
Turn Chase,18,170,140
TurnBased Champion,34,143,217
TV Guide,25,18,224
Twilight Struggle,112,6,99
Two Worlds 2  Pirates of the Flying Fortress,62,110,105
Two Worlds II,223,56,32
Two Worlds II Castle Defense,28,1,91
Two Worlds Strategy Guide,96,167,164
Two Worlds: Epic Edition,111,202,45
Tyranny  Gold Edition,92,137,105
U.F.O  Unfortunately Fortunate Organisms,40,5,200
Ultimate Chicken Horse,218,205,166
Un Pas Fragile,165,77,183
Underhero,145,29,171
Unfair Jousting Fair,107,108,251
Ungrounded,206,168,37
Unobelisk,132,241,106
Unturned,173,217,128
Uplink,172,21,245
Us Lovely Corpses,217,153,211
Utopias: Navigating Without Coordinates,40,4,3
Vampire: The Masquerade  Bloodlines,4,92,12
Vegetables Deluxe C64,70,238,28
Veiled,104,196,117
VEKTOR 2089,179,238,70
VekWars,239,39,180
Verdant Skies,84,111,245
Veritas,205,171,213
Vessel,192,237,89
VICAM,191,26,216
VIDEGOAME,25,8,161
Vienna Automobile Society,11,177,194
Vignettes,103,6,212
Viking: Battle for Asgard,71,149,174
Village Monsters,59,175,187
Vilmonic,90,6,239
Vincent: The Secret of Myers | 文森：梅尔斯的秘密,252,151,137
VIRTUA BLINDS,214,177,30
Vision Soft Reset,234,139,143
Visual Out,33,180,73
Viv and Bob,178,0,182
Void Runner,219,27,74
Void Wisp,242,224,92
Volgarr the Viking,58,137,206
Volo Airsport,56,13,177
VoltAge:Genesis,154,213,25
Voyageur,189,36,44
VR Drum Studio,13,74,186
Waiting for the Loop,223,164,71
Wakamarina Valley New Zealand,167,132,226
Walden a game,142,45,224
Walking Tourist,40,28,61
Wampus,22,123,205
Warden: Melody of the Undergrowth,26,38,235
Warframe,192,49,113
Warframe,111,10,163
Wargame: AirLand Battle,14,86,118
Wargame: European Escalation,134,243,50
Wargame: Red Dragon,136,56,228
Warlock  Master of the Arcane,68,171,44
Warlock  Master of the Arcane: Powerful Lords,0,117,220
warm,5,168,95
Wasteland 1  The Original Classic,158,98,33
Wasteland 2,69,50,95
Wasteland 2: Director's Cut,3,163,107
Watch Dogs 2,174,254,148
Watch Me Jump,113,53,15
WATER'S FINE,124,219,34
Wave to the People,110,75,108
WaveCrash!!,233,220,22
WE ARE DOOMED,180,228,42
What happened to Survey Team 4?,24,77,23
What Isn't Saved (will be lost),181,205,117
Wheels of Aurelia,52,204,135
Where is cat?,228,45,156
Whipped And Steamy • Cosplay Café,219,162,88
whirlibird,40,35,145
Who Killed My Father Academy!,224,138,183
who will you save? who will you serve?,15,42,43
Wide Ocean Big Jacket,176,223,213
Widget Satchel,88,177,230
Wild Woods,73,209,178
WILOO,36,23,102
Windosill (2009),204,58,3
Winter Bundle (ENG),217,216,162
Winterlore I,38,101,233
Wishing Sarah,112,147,78
Witch Thief,1,7,192
Witchball,223,169,212
WitchWay,71,0,235
Without Escape,76,175,86
Wizard Battle,181,27,157
Wizorb,145,202,74
Wondee,54,26,75
Wooden Hearts,170,115,179
Woodland Chasers,79,137,237
Word After Word,55,47,230
Word Forward,218,162,229
Wordsum Blitz,33,45,13
Wotera tale of two water cans  Game jam demo,112,227,41
WretchWorks Arcade Pack,25,33,174
X Rebirth,80,125,160
Xander the Monster Morpher: Universe Breaker,47,83,56
XCOM: Enemy Unknown,190,171,105
Xenogunner,186,101,165
Hand of Fate 2,180,31,139
Yi and the Thousand Moons,191,62,40
You Died but a Necromancer revived you,135,107,192
you used to be someone,50,48,207
Your Future Self,157,218,222
Zak,143,88,78
Zenodyne R,185,210,110
Zenohell,154,212,242
Zepball Deluxe,173,98,54
Zeph,202,246,133
ZEPTON,66,105,237
Zone of Lacryma,46,240,91
樺ヶ原脱出  Escape from Kabagahara,70,169,238
盆栽 カレンダー (BONSAI CALENDAR),68,45,39
scavengers,255,219,212
Chivalry 2',66,249,165
Core,72,186,59
Pine,223,148,92
Eve Online,232,88,156